<?xml version="1.0" encoding="UTF-8"?>

<mule xmlns:dw="http://www.mulesoft.org/schema/mule/ee/dw" xmlns:http="http://www.mulesoft.org/schema/mule/http" xmlns="http://www.mulesoft.org/schema/mule/core" xmlns:doc="http://www.mulesoft.org/schema/mule/documentation"
	xmlns:spring="http://www.springframework.org/schema/beans" 
	xmlns:xsi="http://www.w3.org/2001/XMLSchema-instance"
	xsi:schemaLocation="http://www.springframework.org/schema/beans http://www.springframework.org/schema/beans/spring-beans-current.xsd
http://www.mulesoft.org/schema/mule/core http://www.mulesoft.org/schema/mule/core/current/mule.xsd
http://www.mulesoft.org/schema/mule/http http://www.mulesoft.org/schema/mule/http/current/mule-http.xsd
http://www.mulesoft.org/schema/mule/ee/dw http://www.mulesoft.org/schema/mule/ee/dw/current/dw.xsd">
	<http:listener-config name="HTTP_Listener_Configuration" host="0.0.0.0" port="8081" doc:name="HTTP Listener Configuration"/>
	<http:request-config name="HTTP_new_Request_Configuration" host="ilt.mulesoft-training.com" port="80" doc:name="HTTP Request Configuration"/>
	<flow name="gittestingFlow">
		<http:listener config-ref="HTTP_Listener_Configuration" path="/testinggit1" doc:name="HTTP"/>
		<logger message="before testing" level="INFO" doc:name="Logger"/>
		<http:request config-ref="HTTP_new_Request_Configuration" path="/essentials/united/flights" method="GET" doc:name="HTTP invoking united"/>
		<dw:transform-message doc:name="Transform Message">
			<dw:set-payload><![CDATA[%dw 1.0
%output application/json
---
{
	"status":"welcome to my world"
}]]></dw:set-payload>
		</dw:transform-message>
	</flow>
</mule>
